"term","estimate","std.error","statistic","p.value","conf.low","conf.high"
"(Intercept)",4.0501072629008,0.0173255284151936,233.765295109214,0,NA,NA
"depends",0.108439602496488,0.00697861266501953,15.538848149582,1.89356259521781e-54,NA,NA
"imports",0.066132798505685,0.00327420827572558,20.198103766331,1.0172918568947e-90,NA,NA
"doc_size",7.13964103814363,0.52270584736576,13.6590035755764,1.7840826038859e-42,NA,NA
"r_size",0.843654597072912,0.0888330558315056,9.49707954067365,2.15859151261175e-21,NA,NA
"ns_import",0.00553083271815905,0.00103167484660737,5.36102313276998,8.27519189345111e-08,NA,NA
"ns_export",-0.000473367029692797,0.000377208506905373,-1.2549214056075,0.209507292523792,NA,NA
